{
 "mean_d2s": 0.815346894710612,
 "mean_s2d": 0.9197365367872786,
 "overall": 0.8675417157489453
}