{
 "mean_d2s": 0.9629722793889187,
 "mean_s2d": 0.6528798020576648,
 "overall": 0.8079260407232918
}