{
 "mean_d2s": 0.49557068146540184,
 "mean_s2d": 0.5125227619340825,
 "overall": 0.5040467216997422
}