{
 "mean_d2s": 2.3755044299776893,
 "mean_s2d": 3.2828378738286625,
 "overall": 2.829171151903176
}