{
 "mean_d2s": 1.9429692254978457,
 "mean_s2d": 3.4755276257035375,
 "overall": 2.7092484256006917
}