{
 "mean_d2s": 2.2654680797095157,
 "mean_s2d": 2.175270492139481,
 "overall": 2.220369285924498
}