{
 "mean_d2s": 0.4407787410835081,
 "mean_s2d": 0.5233091920506427,
 "overall": 0.48204396656707543
}