{
 "mean_d2s": 0.26536181269908576,
 "mean_s2d": 0.3768233360270117,
 "overall": 0.3210925743630487
}