{
 "mean_d2s": 0.40025231892103363,
 "mean_s2d": 0.5482984925238249,
 "overall": 0.47427540572242927
}