{
 "mean_d2s": 0.6593300889460049,
 "mean_s2d": 0.45540780172431494,
 "overall": 0.5573689453351599
}