{
 "mean_d2s": 0.8835234525293855,
 "mean_s2d": 0.746685716351472,
 "overall": 0.8151045844404288
}