{
 "mean_d2s": 1.0412236044638437,
 "mean_s2d": 0.5640143003442869,
 "overall": 0.8026189524040652
}